
{
  "list":
        [
          {
            "title": "Fediverse saves you from pickup artists, and 7 more reasons you should make a Fediverse account",
            "url": "https://fediverse.party/en/post/fediverse-saves-from-pickup-artists-and-7-more-reasons-to-join"
          },
          {
            "title": "The centralization of power on the Internet",
            "url": "https://blog.joinmastodon.org/2018/02/the-centralization-of-power-on-the-internet "
          },
          {
            "title": "Distributed social networking in 2017: a review",
            "url": "https://iwrotethislive.blogspot.ru/2017/11/distributed-social-networking-in-2017.html"
          },
          {
            "title": "How to Block the NSA from your friends list",
            "url": "http://www.slate.com/blogs/future_tense/2013/06/17/identi_ca_diaspora_and_friendica_are_more_secure_alternatives_to_facebook.html"
          },
          {
            "title": "Think Like the Internet",
            "url": "https://blogg.forteller.net/2011/think-internet"
          }
        ]
}
