{
  "apps":
    [
      {
        "title": "WriteFreely",
        "source": "https://github.com/writefreely/writefreely",
        "protocols": "ActivityPub",
        "site": "https://writefreely.org",
        "logo": "/img/misc/writefreely.svg",
        "servers": "https://the-federation.info/writefreely",
        "description": "Minimalist blog software providing focused writing and publishing experience. Easy on resources.",
        "codeLanguage": "Go",
        "techStack": "Node.js, LESS",
        "license": "AGPL-3.0",
        "FediAccount": "@writefreely@writing.exchange",
        "apClass": true,
        "zotClass": false,
        "diasporaClass": false,
        "OStatusClass": false,
        "categories": ["Blog-Pub"]
      },
      {
        "title": "Mobilizon",
        "source": "https://framagit.org/framasoft/mobilizon",
        "protocols": "ActivityPub",
        "site": "https://joinmobilizon.org/en",
        "logo": "/img/misc/mobilizon.svg",
        "servers": "https://the-federation.info/mobilizon",
        "description": "A network to gather, organize, and mobilize.",
        "codeLanguage": "Elixir",
        "techStack": "Vue, TypeScript",
        "license": "AGPL-3.0",
        "FediAccount": "@mobilizon@framapiaf.org",
        "apClass": true,
        "zotClass": false,
        "diasporaClass": false,
        "OStatusClass": false,
        "categories": ["Ev-Meet"]
      },
      {
        "title": "Plume",
        "source": "https://github.com/Plume-org/Plume",
        "protocols": "ActivityPub",
        "site": "https://joinplu.me",
        "logo": "/img/misc/plume.svg",
        "servers": "https://the-federation.info/plume",
        "description": "Blogging application suitable for collaborative writing.",
        "codeLanguage": "Rust",
        "techStack": "Rocket, Diesel, Ructe templates, WASM, SCSS",
        "license": "AGPL-3.0",
        "FediAccount": "@PlumeDev@fediverse.blog",
        "apClass": true,
        "zotClass": false,
        "diasporaClass": false,
        "OStatusClass": false,
        "categories": ["Blog-Pub"]
      },
      {
        "title": "Lemmy",
        "source": "https://github.com/dessalines/lemmy",
        "protocols": "ActivityPub",
        "site": "https://join-lemmy.org",
        "logo": "/img/misc/lemmy.svg",
        "servers": "https://the-federation.info/lemmy",
        "description": "Link aggregator, a federated alternative to Reddit / Lobste.rs / Raddle / Hacker News.",
        "codeLanguage": "Rust",
        "techStack": "Actix, Diesel, Inferno, TypeScript",
        "license": "AGPL-3.0",
        "FediAccount": "@LemmyDev@mastodon.social",
        "apClass": true,
        "zotClass": false,
        "diasporaClass": false,
        "OStatusClass": false,
        "categories": ["Links"]
      },
      {
        "title": "microblog.pub",
        "source": "https://github.com/tsileo/microblog.pub",
        "protocols": "ActivityPub",
        "site": "",
        "logo": "",
        "servers": "https://fediverse.network/microblogpub",
        "description": "Self-hosted, single-user, ActivityPub powered microblog.",
        "codeLanguage": "Python",
        "techStack": "Flask, Tornado, SASS",
        "license": "AGPL-3.0",
        "FediAccount": "",
        "apClass": true,
        "zotClass": false,
        "diasporaClass": false,
        "OStatusClass": false,
        "categories": ["SN-mi"]
      },
      {
        "title": "Epicyon",
        "source": "https://gitlab.com/bashrc2/epicyon",
        "protocols": "ActivityPub",
        "site": "https://epicyon.net",
        "logo": "/img/misc/epicyon.png",
        "servers": "https://the-federation.info/epicyon",
        "description": "ActivityPub server implementing S2S and C2S protocols, suitable for single board computers. Provides moderation tools, post expiry, content warnings, and image descriptions.",
        "codeLanguage": "Python",
        "techStack": "",
        "license": "AGPL-3.0",
        "FediAccount": "",
        "apClass": true,
        "zotClass": false,
        "diasporaClass": false,
        "OStatusClass": false,
        "categories": ["SN-mi"]
      },
      {
        "title": "Lotide",
        "source": "https://sr.ht/~vpzom/lotide",
        "protocols": "ActivityPub",
        "site": "",
        "logo": "",
        "servers": "https://the-federation.info/lotide",
        "description": "A federated forum / link aggregator.",
        "codeLanguage": "Rust",
        "techStack": "",
        "license": "AGPL-3.0",
        "FediAccount": "",
        "apClass": true,
        "zotClass": false,
        "diasporaClass": false,
        "OStatusClass": false,
        "categories": ["Links"]
      },
      {
        "title": "Socialhome",
        "source": "https://git.feneas.org/socialhome/socialhome",
        "protocols": "diaspora, ActivityPub",
        "site": "https://socialhome.network",
        "logo": "/img/misc/socialhome.svg",
        "servers": "https://the-federation.info/socialhome",
        "description": "Personal webpage with social networking functionality. Column grid layout makes it a perfect network for sharing image content or creating personal portfolio.",
        "codeLanguage": "Python",
        "techStack": "Django, Vue",
        "license": "AGPL-3.0",
        "FediAccount": "@jaywink@jasonrobinson.me",
        "apClass": true,
        "zotClass": false,
        "diasporaClass": true,
        "OStatusClass": false,
        "categories": ["SN-ma"]
      },
      {
        "title": "Bookwyrm",
        "source": "https://github.com/mouse-reeve/bookwyrm",
        "protocols": "ActivityPub",
        "site": "",
        "logo": "/img/misc/bookwyrm.png",
        "servers": "",
        "description": "Social reading and reviewing, a federated alternative to GoodReads.",
        "codeLanguage": "Python",
        "techStack": "Django",
        "license": "CC0-1.0",
        "FediAccount": "@bookwyrm@tech.lgbt",
        "apClass": true,
        "zotClass": false,
        "diasporaClass": false,
        "OStatusClass": false,
        "categories": ["Reviews"]
      },
      {
        "title": "Zap",
        "source": "https://codeberg.org/zot/zap",
        "protocols": "Zot, ActivityPub",
        "site": "https://zotlabs.com/zap",
        "logo": "/img/misc/zap.png",
        "servers": "https://the-federation.info/zap",
        "description": "Facebook-like Fediverse server with more privacy and less drama.",
        "codeLanguage": "PHP",
        "techStack": "",
        "license": "Unlicense (public domain)",
        "FediAccount": "@mike@macgirvin.com",
        "apClass": true,
        "zotClass": true,
        "diasporaClass": false,
        "OStatusClass": false,
        "categories": ["SN-ma", "Files"]
      },
      {
        "title": "Gancio",
        "source": "https://framagit.org/les/gancio",
        "protocols": "ActivityPub",
        "site": "https://gancio.org",
        "logo": "/img/misc/gancio.png",
        "servers": "https://the-federation.info/gancio",
        "description": "A shared agenda for local communities. Decentralized events.",
        "codeLanguage": "Javascript",
        "techStack": "Vue, Node.js",
        "license": "AGPL-3.0",
        "FediAccount": "",
        "apClass": true,
        "zotClass": false,
        "diasporaClass": false,
        "OStatusClass": false,
        "categories": ["Ev-Meet"]
      },
      {
        "title": "dolphin",
        "source": "https://github.com/syuilo/dolphin",
        "protocols": "ActivityPub",
        "site": "",
        "logo": "/img/misc/dolphin.svg",
        "servers": "",
        "description": "Lightweight ActivityPub Server optimized for single-user. A fork and sister project of Misskey.",
        "codeLanguage": "TypeScript",
        "techStack": "Node.js, Vue",
        "license": "AGPL-3.0",
        "FediAccount": "",
        "apClass": true,
        "zotClass": false,
        "diasporaClass": false,
        "OStatusClass": false,
        "categories": ["SN-mi"]
      },
      {
        "title": "Honk",
        "source": "https://humungus.tedunangst.com/r/honk/f",
        "protocols": "ActivityPub",
        "site": "https://humungus.tedunangst.com/r/honk/f",
        "logo": "",
        "servers": "",
        "description": "ActivityPub server with minimal setup and support costs.",
        "codeLanguage": "Go",
        "techStack": "",
        "license": "ISC",
        "FediAccount": "@tedu@honk.tedunangst.com",
        "apClass": true,
        "zotClass": false,
        "diasporaClass": false,
        "OStatusClass": false,
        "categories": ["SN-mi"]
      },
      {
        "title": "Reel2Bits",
        "source": "https://github.com/rhaamo/reel2bits",
        "protocols": "ActivityPub",
        "site": "https://reel2bits.org",
        "logo": "",
        "servers": "https://fediverse.network/reel2bits",
        "description": "Self-hosted soundtracks and podcasts sharing.",
        "codeLanguage": "Python",
        "techStack": "Flask, Vue, Bootstrap",
        "license": "AGPL-3.0",
        "FediAccount": "",
        "apClass": true,
        "zotClass": false,
        "diasporaClass": false,
        "OStatusClass": false,
        "categories": ["Media"]
      },
      {
        "title": "go-littr",
        "source": "https://github.com/mariusor/littr.go",
        "protocols": "ActivityPub",
        "site": "",
        "logo": "",
        "servers": "https://the-federation.info/littr",
        "description": "Link aggregator inspired by Reddit.",
        "codeLanguage": "Go",
        "techStack": "",
        "license": "MIT",
        "FediAccount": "@mariusor@metalhead.club",
        "apClass": true,
        "zotClass": false,
        "diasporaClass": false,
        "OStatusClass": false,
        "categories": ["Links"]
      },
      {
        "title": "Kroeg",
        "source": "https://git.puckipedia.com/kroeg",
        "protocols": "ActivityPub",
        "site": "https://puckipedia.com/kroeg",
        "logo": "",
        "servers": "https://fediverse.network/kroeg",
        "description": "Generic ActivityPub server, with a focus on microblogging style activities.",
        "codeLanguage": "Rust",
        "techStack": "",
        "license": "-",
        "FediAccount": "",
        "apClass": true,
        "zotClass": false,
        "diasporaClass": false,
        "OStatusClass": false,
        "categories": ["SN-mi"]
      },
      {
        "title": "Smithereen",
        "source": "https://github.com/grishka/Smithereen",
        "protocols": "ActivityPub",
        "site": "http://smithereen.software",
        "logo": "",
        "servers": "https://the-federation.info/smithereen",
        "description": "Federated, ActivityPub-compatible social network with friends, walls, and groups.",
        "codeLanguage": "Java",
        "techStack": "",
        "license": "Unlicense (public domain)",
        "FediAccount": "@grishka@mastodon.social",
        "apClass": true,
        "zotClass": false,
        "diasporaClass": false,
        "OStatusClass": false,
        "categories": ["SN-ma", "Ev-Meet"]
      },
      {
        "title": "Glitch-soc",
        "source": "https://github.com/glitch-soc/mastodon",
        "protocols": "ActivityPub",
        "site": "https://glitch-soc.github.io/docs",
        "logo": "",
        "servers": "",
        "description": "A friendly fork of Mastodon, with the aim of providing additional features at the risk of potentially less stable software.",
        "codeLanguage": "Ruby",
        "techStack": "React, SASS, Node.js",
        "license": "AGPL-3.0",
        "FediAccount": "",
        "apClass": true,
        "zotClass": false,
        "diasporaClass": false,
        "OStatusClass": false,
        "categories": ["SN-mi"]
      },
      {
        "title": "Hometown",
        "source": "https://github.com/hometown-fork/hometown",
        "protocols": "ActivityPub",
        "site": "",
        "logo": "",
        "servers": "",
        "description": "A fork of Mastodon that provides local posting and a wider range of content types.",
        "codeLanguage": "Ruby",
        "techStack": "React, SASS, Node.js",
        "license": "AGPL-3.0",
        "FediAccount": "@darius@friend.camp",
        "apClass": true,
        "zotClass": false,
        "diasporaClass": false,
        "OStatusClass": false,
        "categories": ["SN-mi"]
      },
      {
        "title": "Ktistec",
        "source": "https://github.com/toddsundsted/ktistec",
        "protocols": "ActivityPub",
        "site": "",
        "logo": "/img/misc/ktistec.png",
        "servers": "https://the-federation.info/ktistec",
        "description": "An ActivityPub server with minimal dependencies, optimized for single-user application.",
        "codeLanguage": "Crystal",
        "techStack": "",
        "license": "-",
        "FediAccount": "@toddsundsted@mastodon.social",
        "apClass": true,
        "zotClass": false,
        "diasporaClass": false,
        "OStatusClass": false,
        "categories": ["SN-mi"]
      },
      {
        "title": "OLKi",
        "source": "",
        "protocols": "ActivityPub",
        "site": "https://olki.loria.fr/platform",
        "logo": "",
        "servers": "",
        "description": "A self-hosted linguistic corpora exchange platform that aims to be a simple gateway to the Fediverse for scientific interaction.",
        "codeLanguage": "Python",
        "techStack": "Django, Vue, Nuxt, Spectre.css, Zutre",
        "license": "AGPL-3.0",
        "FediAccount": "@scifed@mastodon.etalab.gouv.fr",
        "apClass": true,
        "zotClass": false,
        "diasporaClass": false,
        "OStatusClass": false,
        "categories": ["OpenData", "SN-mi"]
      },
      {
        "title": "pubgate",
        "source": "https://github.com/autogestion/pubgate",
        "protocols": "ActivityPub",
        "site": "",
        "logo": "",
        "servers": "https://the-federation.info/pubgate",
        "description": "Lightweight ActivityPub CMS. Implements both client-to-server (C2S) and server-to-server(S2S) APIs. Compatible with Mastodon, Pixelfed, Pleroma and microblog.pub.",
        "codeLanguage": "Python",
        "techStack": "",
        "license": "BSD-3-clause",
        "FediAccount": "",
        "apClass": true,
        "zotClass": false,
        "diasporaClass": false,
        "OStatusClass": false,
        "categories": ["SN-mi"]
      },
      {
        "title": "Mistpark",
        "source": "https://codeberg.org/zot/misty",
        "protocols": "Zot, ActivityPub",
        "site": "https://zotlabs.com/misty",
        "logo": "/img/misc/misty.png",
        "servers": "https://the-federation.info/mistpark",
        "description": "Fediverse server with nomadic identity, groups, events, conversational views.",
        "codeLanguage": "PHP",
        "techStack": "",
        "license": "Unlicense (public domain)",
        "FediAccount": "@mike@macgirvin.com",
        "apClass": true,
        "zotClass": true,
        "diasporaClass": false,
        "OStatusClass": false,
        "categories": ["SN-ma", "Files"]
      },
      {
        "title": "Osada",
        "source": "https://codeberg.org/zot/osada",
        "protocols": "Zot, ActivityPub",
        "site": "https://zotlabs.com/osada",
        "logo": "/img/misc/osada.png",
        "servers": "https://the-federation.info/osada",
        "description": "Fediverse server.",
        "codeLanguage": "PHP",
        "techStack": "",
        "license": "Unlicense (public domain)",
        "FediAccount": "@mike@macgirvin.com",
        "apClass": true,
        "zotClass": true,
        "diasporaClass": false,
        "OStatusClass": false,
        "categories": ["SN-ma", "Files"]
      },
      {
        "title": "Redmatrix",
        "source": "https://codeberg.org/zot/redmatrix",
        "protocols": "Zot",
        "site": "https://zotlabs.com/redmatrix",
        "logo": "/img/misc/redmatrix.png",
        "servers": "https://the-federation.info/redmatrix",
        "description": "Zot6 server.",
        "codeLanguage": "PHP",
        "techStack": "",
        "license": "Unlicense (public domain)",
        "FediAccount": "@mike@macgirvin.com",
        "apClass": false,
        "zotClass": true,
        "diasporaClass": false,
        "OStatusClass": false,
        "categories": ["SN-ma", "Files"]
      },
      {
        "title": "Roadhouse",
        "source": "https://codeberg.org/zot/roadhouse",
        "protocols": "Zot, ActivityPub",
        "site": "https://zotlabs.com/roadhouse",
        "logo": "/img/misc/roadhouse.png",
        "servers": "https://the-federation.info/roadhouse",
        "description": "Next gen Fediverse server.",
        "codeLanguage": "PHP",
        "techStack": "",
        "license": "Unlicense (public domain)",
        "FediAccount": "@mike@macgirvin.com",
        "apClass": true,
        "zotClass": true,
        "diasporaClass": false,
        "OStatusClass": false,
        "categories": ["SN-ma", "Files"]
      },
      {
        "title": "castling.club",
        "source": "https://github.com/stephank/castling.club",
        "protocols": "ActivityPub",
        "site": "https://castling.club",
        "logo": "",
        "servers": "https://fedidb.org/software/castling.club",
        "description": "Challenge someone to a game of chess using toots! An ActivityPub server with a single hardcoded King service actor that acts as a chess arbiter.",
        "codeLanguage": "TypeScript",
        "techStack": "Node.js",
        "license": "MIT",
        "FediAccount": "@kosinus@mastodon.social",
        "apClass": true,
        "zotClass": false,
        "diasporaClass": false,
        "OStatusClass": false,
        "categories": ["Games"]
      },
      {
        "title": "Guppe",
        "source": "https://github.com/wmurphyrd/guppe",
        "protocols": "ActivityPub",
        "site": "https://gup.pe",
        "logo": "/img/misc/guppe.png",
        "servers": "",
        "description": "Social groups for Mastodon and other ActivityPub networks.",
        "codeLanguage": "Javascript",
        "techStack": "Node.js, Express, Vue",
        "license": "AGPL-3.0",
        "FediAccount": "",
        "apClass": true,
        "zotClass": false,
        "diasporaClass": false,
        "OStatusClass": false,
        "categories": ["Extention"]
      },
      {
        "title": "Socialtap",
        "source": "https://git.feneas.org/socialtap/server",
        "protocols": "ActivityPub",
        "site": "",
        "logo": "",
        "servers": "",
        "description": "Drink socially. A federated version of Untappd.com. It extends the ActivityPub types.",
        "codeLanguage": "Go",
        "techStack": "",
        "license": "GPL-3.0",
        "FediAccount": "@zauberstuhl@diaspodon.fr",
        "apClass": true,
        "zotClass": false,
        "diasporaClass": false,
        "OStatusClass": false,
        "categories": ["SN-mi"]
      },
      {
        "title": "Nextcloud-Social",
        "source": "https://github.com/nextcloud/social",
        "protocols": "ActivityPub",
        "site": "https://apps.nextcloud.com/apps/social",
        "logo": "/img/misc/nextcloud.png",
        "servers": "",
        "description": "Social networking app for NextCloud users.",
        "codeLanguage": "PHP",
        "techStack": "Node.js, Vue, SCSS",
        "license": "AGPL-3.0",
        "FediAccount": "",
        "apClass": true,
        "zotClass": false,
        "diasporaClass": false,
        "OStatusClass": false,
        "categories": ["Files", "SN-mi"]
      },
      {
        "title": "Read.as",
        "source": "https://github.com/writeas/Read.as",
        "protocols": "ActivityPub",
        "site": "https://read.as",
        "logo": "/img/misc/readas.svg",
        "servers": "https://the-federation.info/read.as",
        "description": "Long-form reader. It helps you gather and curate things to read in a peaceful space.",
        "codeLanguage": "Go",
        "techStack": "Node.js",
        "license": "AGPL-3.0",
        "FediAccount": "",
        "apClass": true,
        "zotClass": false,
        "diasporaClass": false,
        "OStatusClass": false,
        "categories": ["Blog-Pub"]
      },
      {
        "title": "dokieli",
        "source": "https://github.com/linkeddata/dokieli",
        "protocols": "ActivityPub",
        "site": "https://dokie.li",
        "logo": "/img/misc/dokieli.png",
        "servers": "",
        "description": "In-browser article authoring and formatting, RDFa annotations, and social interactions tool.",
        "codeLanguage": "Javascript",
        "techStack": "Node.js",
        "license": "Apache-2.0",
        "FediAccount": "",
        "apClass": true,
        "zotClass": false,
        "diasporaClass": false,
        "OStatusClass": false,
        "categories": ["Blog-Pub"]
      },
      {
        "title": "FediBlog",
        "source": "https://framagit.org/DavidLibeau/FediBlog",
        "protocols": "ActivityPub",
        "site": "",
        "logo": "/img/misc/fediblog.svg",
        "servers": "",
        "description": "Fully customisable blog engine for web devs and others.",
        "codeLanguage": "PHP",
        "techStack": "",
        "license": "GPL-3.0",
        "FediAccount": "@David@mastodon.xyz",
        "apClass": true,
        "zotClass": false,
        "diasporaClass": false,
        "OStatusClass": false,
        "categories": ["Blog-Pub"]
      },
      {
        "title": "Rustodon",
        "source": "https://github.com/rustodon/rustodon",
        "protocols": "ActivityPub",
        "site": "",
        "logo": "",
        "servers": "https://fediverse.network/rustodon",
        "description": "Mastodon-compatible social microblogging server.",
        "codeLanguage": "Rust",
        "techStack": "Diesel, SASS",
        "license": "AGPL-3.0",
        "FediAccount": "",
        "apClass": true,
        "zotClass": false,
        "diasporaClass": false,
        "OStatusClass": false,
        "categories": ["SN-mi"]
      },
      {
        "title": "groundpolis",
        "source": "https://github.com/Groundpolis/Groundpolis",
        "protocols": "ActivityPub",
        "site": "",
        "logo": "",
        "servers": "https://the-federation.info/groundpolis",
        "description": "A microblogging service forked from Misskey.",
        "codeLanguage": "TypeScript",
        "techStack": "Vue, Node.js",
        "license": "AGPL-3.0",
        "FediAccount": "",
        "apClass": true,
        "zotClass": false,
        "diasporaClass": false,
        "OStatusClass": false,
        "categories": ["SN-mi"]
      },
      {
        "title": "Kanzaki",
        "source": "https://github.com/KnzkDev/kanzaki",
        "protocols": "ActivityPub",
        "site": "",
        "logo": "",
        "servers": "",
        "description": "A Mastodon-compatible, ActivityPub-speaking server in OCaml.",
        "codeLanguage": "OCaml",
        "techStack": "",
        "license": "AGPL-3.0",
        "FediAccount": "",
        "apClass": true,
        "zotClass": false,
        "diasporaClass": false,
        "OStatusClass": false,
        "categories": ["SN-mi"]
      },
      {
        "title": "Anfora",
        "source": "https://github.com/anforaProject/anfora",
        "protocols": "ActivityPub",
        "site": "https://anfora.app",
        "logo": "/img/misc/anfora.svg",
        "servers": "",
        "description": "Self-hosted photo gallery social network.",
        "codeLanguage": "Python",
        "techStack": "Tornado, peewee",
        "license": "AGPL-3.0",
        "FediAccount": "@anfora@mastodon.social",
        "apClass": true,
        "zotClass": false,
        "diasporaClass": false,
        "OStatusClass": false,
        "categories": ["Media"]
      },
      {
        "title": "Gath",
        "source": "https://github.com/lowercasename/gathio",
        "protocols": "ActivityPub",
        "site": "",
        "logo": "",
        "servers": "",
        "description": "Self-destructing, shareable, no-registration event pages.",
        "codeLanguage": "Javascript",
        "techStack": "",
        "license": "GPL-3.0",
        "FediAccount": "",
        "apClass": true,
        "zotClass": false,
        "diasporaClass": false,
        "OStatusClass": false,
        "categories": ["Ev-Meet"]
      },
      {
        "title": "The Occasion Octopus",
        "source": "https://github.com/theoccasionoctopus/theoccasionoctopus-server",
        "protocols": "ActivityPub",
        "site": "https://www.theoccasionoctopus.net",
        "logo": "",
        "servers": "",
        "description": "A federated network of Open Data for discovering interesting events.",
        "codeLanguage": "PHP",
        "techStack": "",
        "license": "AGPL-3.0",
        "FediAccount": "@theoccasionoctopus@fosstodon.org",
        "apClass": true,
        "zotClass": false,
        "diasporaClass": false,
        "OStatusClass": false,
        "categories": ["Ev-Meet"]
      },
      {
        "title": "Aardwolf",
        "source": "https://github.com/Aardwolf-Social/aardwolf",
        "protocols": "ActivityPub",
        "site": "https://aardwolf.social",
        "logo": "/img/misc/aardwolf.png",
        "servers": "",
        "description": "Facebook-like social network connecting communities across the web.",
        "codeLanguage": "Rust",
        "techStack": "Rocket, Bulma CSS",
        "license": "AGPL-3.0",
        "FediAccount": "",
        "apClass": true,
        "zotClass": false,
        "diasporaClass": false,
        "OStatusClass": false,
        "categories": ["SN-ma"]
      },
      {
        "title": "MoonTree",
        "source": "https://github.com/Faleidel/moontreeproject",
        "protocols": "ActivityPub",
        "site": "",
        "logo": "",
        "servers": "",
        "description": "Link aggregator like Reddit / Hackernews, but open source and self-hosted.",
        "codeLanguage": "TypeScript",
        "techStack": "Node.js",
        "license": "MIT",
        "FediAccount": "",
        "apClass": true,
        "zotClass": false,
        "diasporaClass": false,
        "OStatusClass": false,
        "categories": ["Links"]
      },
      {
        "title": "Pubcast",
        "source": "https://github.com/pubcast/pubcast",
        "protocols": "ActivityPub",
        "site": "https://pubcast.pub",
        "logo": "",
        "servers": "",
        "description": "Experimental ActivityPub based podcasting platform.",
        "codeLanguage": "Go",
        "techStack": "",
        "license": "MPL-2.0",
        "FediAccount": "",
        "apClass": true,
        "zotClass": false,
        "diasporaClass": false,
        "OStatusClass": false,
        "categories": ["Media"]
      },
      {
        "title": "Smilodon",
        "source": "https://source.puri.sm/liberty/smilodon",
        "protocols": "ActivityPub",
        "site": "",
        "logo": "",
        "servers": "",
        "description": "A complementary fork of Mastodon, focusing on opt-in public spaces.",
        "codeLanguage": "Ruby",
        "techStack": "React, SASS, Node.js",
        "license": "AGPL-3.0",
        "FediAccount": "",
        "apClass": true,
        "zotClass": false,
        "diasporaClass": false,
        "OStatusClass": false,
        "categories": ["SN-mi"]
      },
      {
        "title": "microstatus",
        "source": "https://github.com/Arkanosis/microstatus",
        "protocols": "ActivityPub, OStatus",
        "site": "",
        "logo": "",
        "servers": "",
        "description": "Lightweight Mastodon and GNU social-compatible server implementation.",
        "codeLanguage": "Rust",
        "techStack": "",
        "license": "ISC",
        "FediAccount": "",
        "apClass": true,
        "zotClass": false,
        "diasporaClass": false,
        "OStatusClass": true,
        "categories": ["SN-mi"]
      },
      {
        "title": "Tavern",
        "source": "https://gitlab.com/ngerakines/tavern",
        "protocols": "ActivityPub",
        "site": "",
        "logo": "",
        "servers": "https://the-federation.info/tavern",
        "description": "A minimalistic Activity Pub server. Think Mastodon, but smaller and with fewer features.",
        "codeLanguage": "Go",
        "techStack": "",
        "license": "MIT",
        "FediAccount": "@ngerakines@mastodon.social",
        "apClass": true,
        "zotClass": false,
        "diasporaClass": false,
        "OStatusClass": true,
        "categories": ["SN-mi"]
      },
      {
        "title": "SkoHub",
        "source": "https://github.com/hbz/skohub-pubsub",
        "protocols": "ActivityPub",
        "site": "https://skohub.io",
        "logo": "",
        "servers": "",
        "description": "SkoHub creates a publication / subscription infrastructure for Open Educational Resources. It allows to follow specific subjects and to be notified when new content about that subject is published.",
        "codeLanguage": "Javascript",
        "techStack": "",
        "license": "Apache-2.0",
        "FediAccount": "",
        "apClass": true,
        "zotClass": false,
        "diasporaClass": false,
        "OStatusClass": false,
        "categories": ["OpenData"]
      },
      {
        "title": "CPub",
        "source": "https://gitlab.com/openengiadina/cpub",
        "protocols": "ActivityPub",
        "site": "",
        "logo": "",
        "servers": "",
        "description": "General ActivityPub server built upon Semantic Web ideas. Implements a Linked Data Platform (LDP), uses RDF Turtle as serialization format.",
        "codeLanguage": "Elixir",
        "techStack": "",
        "license": "AGPL-3.0",
        "FediAccount": "",
        "apClass": true,
        "zotClass": false,
        "diasporaClass": false,
        "OStatusClass": false,
        "categories": ["OpenData"]
      },
      {
        "title": "SemApps",
        "source": "https://github.com/assemblee-virtuelle/semapps",
        "protocols": "ActivityPub",
        "site": "http://semapps.org",
        "logo": "",
        "servers": "",
        "description": "A collaborative, generic knowledge management system. Aims to ease data storage and filtering.",
        "codeLanguage": "Javascript",
        "techStack": "",
        "license": "Apache-2.0",
        "FediAccount": "",
        "apClass": true,
        "zotClass": false,
        "diasporaClass": false,
        "OStatusClass": false,
        "categories": ["OpenData"]
      },
      {
        "title": "Vervis",
        "source": "https://dev.angeley.es/s/fr33domlover/r/vervis/s",
        "protocols": "ActivityPub",
        "site": "",
        "logo": "",
        "servers": "",
        "description": "A project hosting and management application. Implementation of ForgeFed.",
        "codeLanguage": "Haskell",
        "techStack": "",
        "license": "AGPL-3.0 / CC0",
        "FediAccount": "",
        "apClass": true,
        "zotClass": false,
        "diasporaClass": false,
        "OStatusClass": false,
        "categories": ["Develop"]
      },
      {
        "title": "LubarGW2",
        "source": "https://git.lubar.me/ben/guild-website",
        "protocols": "ActivityPub",
        "site": "",
        "logo": "",
        "servers": "https://the-federation.info/lubargw2",
        "description": "Federating guild website using GuildWars2 API.",
        "codeLanguage": "Go",
        "techStack": "",
        "license": "-",
        "FediAccount": "@ben@mastodon.lubar.me",
        "apClass": true,
        "zotClass": false,
        "diasporaClass": false,
        "OStatusClass": false,
        "categories": ["Games"]
      },
      {
        "title": "Learn Awesome",
        "source": "https://github.com/learn-awesome/learn",
        "protocols": "ActivityPub",
        "site": "https://learnawesome.org",
        "logo": "",
        "servers": "",
        "description": "Open-source equivalent review aggregation site. Think GoodReads, but generalized to all learning resources organized by topics, formats and difficulty. Optimal learning paths for any topic.",
        "codeLanguage": "Ruby",
        "techStack": "Rails, PostgreSQL, Bootstrap, Stream Dashboard UI Kit",
        "license": "AGPL-3.0",
        "FediAccount": "",
        "apClass": true,
        "zotClass": false,
        "diasporaClass": false,
        "OStatusClass": false,
        "categories": ["Reviews"]
      },
      {
        "title": "Bonfire",
        "source": "https://gitlab.com/bonfire-ecosystem/activitypub",
        "protocols": "ActivityPub",
        "site": "https://bonfirenetworks.org",
        "logo": "/img/misc/bonfire.png",
        "servers": "",
        "description": "Your plug & play federated social network. Based on CommonsPub, runs on RaspberryPi devices. Still in beta.",
        "codeLanguage": "Elixir",
        "techStack": "",
        "license": "AGPL-3.0",
        "FediAccount": "@bonfire@indieweb.social",
        "apClass": true,
        "zotClass": false,
        "diasporaClass": false,
        "OStatusClass": false,
        "categories": ["Other"]
      },
      {
        "title": "Immers Space",
        "source": "https://github.com/immers-space/immers",
        "protocols": "ActivityPub",
        "site": "",
        "logo": "",
        "servers": "",
        "description": "A decentralized virtual reality metaverse platform powered by Mozilla Hubs and ActivityPub-Express.",
        "codeLanguage": "Javascript",
        "techStack": "",
        "license": "AGPL-3.0",
        "FediAccount": "immersspace@gup.pe",
        "apClass": true,
        "zotClass": false,
        "diasporaClass": false,
        "OStatusClass": false,
        "categories": ["Other"]
      },
      {
        "title": "Readlebee",
        "source": "https://gitlab.com/Alamantus/Readlebee",
        "protocols": "ActivityPub",
        "site": "",
        "logo": "",
        "servers": "",
        "description": "An attempt to create a viable Goodreads alternative. Book reading progress, lists, reviews, comments, and more.",
        "codeLanguage": "Javascript",
        "techStack": "Node.js",
        "license": "AGPL-3.0",
        "FediAccount": "@Readlebee@floss.social",
        "apClass": true,
        "zotClass": false,
        "diasporaClass": false,
        "OStatusClass": false,
        "categories": ["Reviews"]
      },
      {
        "title": "distbin",
        "source": "https://github.com/gobengo/distbin",
        "protocols": "ActivityPub",
        "site": "",
        "logo": "",
        "servers": "",
        "description": "Post bin with distributed social features.",
        "codeLanguage": "TypeScript",
        "techStack": "",
        "license": "Apache-2.0",
        "FediAccount": "",
        "apClass": true,
        "zotClass": false,
        "diasporaClass": false,
        "OStatusClass": false,
        "categories": ["SN-mi"]
      },
      {
        "title": "Lumen-AP-server",
        "source": "https://notabug.org/tinyrabbit/lumen-ap-server",
        "protocols": "ActivityPub",
        "site": "",
        "logo": "",
        "servers": "",
        "description": "ActivityPub server using Lumen framework.",
        "codeLanguage": "PHP",
        "techStack": "Lumen",
        "license": "MIT",
        "FediAccount": "@tinyrabbit@floss.social",
        "apClass": true,
        "zotClass": false,
        "diasporaClass": false,
        "OStatusClass": false,
        "categories": ["SN-mi"]
      },
      {
        "title": "Spritely",
        "source": "https://gitlab.com/spritely",
        "protocols": "ActivityPub",
        "site": "https://spritelyproject.org",
        "logo": "",
        "servers": "",
        "description": "A distributed social network by ActivityPub specification co-author Christopher Lemmer Webber.",
        "codeLanguage": "Racket",
        "techStack": "",
        "license": "Apache-2",
        "FediAccount": "@spritelyproject@octodon.social",
        "apClass": true,
        "zotClass": false,
        "diasporaClass": false,
        "OStatusClass": false,
        "categories": ["SN-ma"]
      },
      {
        "title": "Kepi",
        "source": "https://gitlab.com/marnanel/chapeau",
        "protocols": "ActivityPub",
        "site": "",
        "logo": "",
        "servers": "",
        "description": "A Django-based microblogging server, written in Python, which supports the Mastodon protocol.",
        "codeLanguage": "Python",
        "techStack": "",
        "license": "GPL-2.0",
        "FediAccount": "@marnanel@queer.party",
        "apClass": true,
        "zotClass": false,
        "diasporaClass": false,
        "OStatusClass": false,
        "categories": ["SN-mi"]
      },
      {
        "title": "MrBotchi",
        "source": "https://github.com/mrbotchi-team/mrbotchi",
        "protocols": "ActivityPub",
        "site": "",
        "logo": "",
        "servers": "",
        "description": "A federated microblogging platform for single-user.",
        "codeLanguage": "Go",
        "techStack": "",
        "license": "AGPL-3.0",
        "FediAccount": "@silverscat_3@norimono.moe",
        "apClass": true,
        "zotClass": false,
        "diasporaClass": false,
        "OStatusClass": false,
        "categories": ["SN-mi"]
      },
      {
        "title": "Technopolis",
        "source": "https://github.com/technopolis-microblog",
        "protocols": "ActivityPub",
        "site": "https://technopolis.app",
        "logo": "",
        "servers": "",
        "description": "A globally interconnected micro-blogging platform inspired by Misskey.",
        "codeLanguage": "Rust",
        "techStack": "",
        "license": "AGPL-3.0",
        "FediAccount": "@silverscat_3@norimono.moe",
        "apClass": true,
        "zotClass": false,
        "diasporaClass": false,
        "OStatusClass": false,
        "categories": ["SN-mi"]
      },
      {
        "title": "Jejune",
        "source": "https://github.com/kaniini/jejune",
        "protocols": "ActivityPub",
        "site": "",
        "logo": "",
        "servers": "",
        "description": "A work-in-progress ActivityPub server designed to use constructions which provide functional security and resilience.",
        "codeLanguage": "Python",
        "techStack": "",
        "license": "ISC",
        "FediAccount": "",
        "apClass": true,
        "zotClass": false,
        "diasporaClass": false,
        "OStatusClass": false,
        "categories": ["SN-mi"]
      },
      {
        "title": "Fedeproxy",
        "source": "https://lab.fedeproxy.eu/fedeproxy/server",
        "protocols": "ActivityPub",
        "site": "https://fedeproxy.eu",
        "logo": "",
        "servers": "",
        "description": "An online service to federate forges.",
        "codeLanguage": "Python",
        "techStack": "",
        "license": "AGPL-3.0",
        "FediAccount": "",
        "apClass": true,
        "zotClass": false,
        "diasporaClass": false,
        "OStatusClass": false,
        "categories": ["Develop", "Other"]
      },
      {
        "title": "Flocking Bird",
        "source": "https://git.webschuur.com/flockingbird",
        "protocols": "ActivityPub",
        "site": "https://flockingbird.social",
        "logo": "",
        "servers": "",
        "description": "Network for professionals. A LinkedIn alternative.",
        "codeLanguage": "",
        "techStack": "",
        "license": "-",
        "FediAccount": "@flockingbird@fosstodon.org",
        "apClass": true,
        "zotClass": false,
        "diasporaClass": false,
        "OStatusClass": false,
        "categories": ["SN-ma"]
      },
      {
        "title": "Tranquility",
        "source": "https://github.com/smallglitch/tranquility",
        "protocols": "ActivityPub",
        "site": "",
        "logo": "",
        "servers": "",
        "description": "Small ActivityPub server written in Rust.",
        "codeLanguage": "Rust",
        "techStack": "",
        "license": "MIT",
        "FediAccount": "",
        "apClass": true,
        "zotClass": false,
        "diasporaClass": false,
        "OStatusClass": false,
        "categories": ["SN-mi"]
      },
      {
        "title": "hacker-don",
        "source": "https://git.hackers.town/theruran/hacker-don",
        "protocols": "ActivityPub",
        "site": "",
        "logo": "",
        "servers": "",
        "description": "ActivityPub server and web frontend written in Clojure, prioritizing user sanity, safety and privacy.",
        "codeLanguage": "Clojure",
        "techStack": "Leiningen",
        "license": "AGPL-3.0",
        "FediAccount": "@theruran@hackers.town",
        "apClass": true,
        "zotClass": false,
        "diasporaClass": false,
        "OStatusClass": false,
        "categories": ["SN-mi"]
      },
      {
        "title": "Mastotool",
        "source": "https://github.com/muesli/mastotool",
        "protocols": "ActivityPub",
        "site": "",
        "logo": "",
        "servers": "",
        "description": "A collection of tools to work with your Mastodon account; displays account statistics and lets you search your toots.",
        "codeLanguage": "Go",
        "techStack": "",
        "license": "MIT",
        "FediAccount": "",
        "apClass": true,
        "zotClass": false,
        "diasporaClass": false,
        "OStatusClass": false,
        "categories": ["Extention"]
      },
      {
        "title": "GoToSocial",
        "source": "https://github.com/superseriousbusiness/gotosocial",
        "protocols": "ActivityPub",
        "site": "",
        "logo": "",
        "servers": "",
        "description": "A headless Mastodon-compatible Fediverse server project, written in Golang.",
        "codeLanguage": "Go",
        "techStack": "",
        "license": "AGPL-3.0",
        "FediAccount": "@dumpsterqueer@ondergrond.org",
        "apClass": true,
        "zotClass": false,
        "diasporaClass": false,
        "OStatusClass": false,
        "categories": ["SN-mi"]
      },
      {
        "title": "CastoPod Host",
        "source": "https://code.podlibre.org/podlibre/castopod",
        "protocols": "ActivityPub",
        "site": "https://podlibre.org/tag/castopod-host",
        "logo": "/img/misc/castopod.svg",
        "servers": "",
        "description": "An open-source hosting platform made for podcasters who want to engage and interact with their audience.",
        "codeLanguage": "PHP",
        "techStack": "",
        "license": "AGPL-3.0",
        "FediAccount": "@castopod@podlibre.social",
        "apClass": true,
        "zotClass": false,
        "diasporaClass": false,
        "OStatusClass": false,
        "categories": ["Media"]
      },
      {
        "title": "Corteza",
        "source": "https://github.com/cortezaproject/corteza-server",
        "protocols": "ActivityPub",
        "site": "https://cortezaproject.org",
        "logo": "",
        "servers": "",
        "description": "Digital Work Platform for Humanity. An open-source, low-code federated platform for building cloud-based business apps with CRM capabilities.",
        "codeLanguage": "Go",
        "techStack": "",
        "license": "Apache-2.0",
        "FediAccount": "",
        "apClass": true,
        "zotClass": false,
        "diasporaClass": false,
        "OStatusClass": false,
        "categories": ["Other"]
      },
      {
        "title": "FChannel",
        "source": "https://github.com/FChannel0/FChannel-Server",
        "protocols": "ActivityPub",
        "site": "",
        "logo": "",
        "servers": "",
        "description": "A libre, self-hostable, federated, imageboard platform that utilizes ActivityPub.",
        "codeLanguage": "Go",
        "techStack": "",
        "license": "AGPL-3.0",
        "FediAccount": "",
        "apClass": true,
        "zotClass": false,
        "diasporaClass": false,
        "OStatusClass": false,
        "categories": ["Forums", "Media"]
      },
      {
        "title": "Catcast D",
        "source": "https://github.com/mrcatman/catcast-d",
        "protocols": "ActivityPub",
        "site": "",
        "logo": "",
        "servers": "",
        "description": "A federated video live streaming platform.",
        "codeLanguage": "TypeScript",
        "techStack": "",
        "license": "-",
        "FediAccount": "@mrcatmann@mastodon.social",
        "apClass": true,
        "zotClass": false,
        "diasporaClass": false,
        "OStatusClass": false,
        "categories": ["Media"]
      },
      {
        "title": "Lectrn",
        "source": "https://github.com/lectrn/lectrn",
        "protocols": "ActivityPub",
        "site": "https://lectrn.com",
        "logo": "",
        "servers": "",
        "description": "A social network for humans that is free, decentralized, open, and easy to use.",
        "codeLanguage": "Javascript",
        "techStack": "Node.js, PostgreSQL",
        "license": "AGPL-3.0",
        "FediAccount": "",
        "apClass": true,
        "zotClass": false,
        "diasporaClass": false,
        "OStatusClass": false,
        "categories": ["SN-mi"]
      },
      {
        "title": "FitTrackee",
        "source": "https://github.com/SamR1/FitTrackee",
        "protocols": "ActivityPub",
        "site": "",
        "logo": "",
        "servers": "",
        "description": "A simple self-hosted workout / activity tracker.",
        "codeLanguage": "Python",
        "techStack": "",
        "license": "GPL-3.0",
        "FediAccount": "@SamR1@mastodon.social",
        "apClass": true,
        "zotClass": false,
        "diasporaClass": false,
        "OStatusClass": false,
        "categories": ["Other"]
      },
      {
        "title": "diaspora*",
        "source": "https://github.com/diaspora/diaspora",
        "protocols": "diaspora",
        "site": "https://diasporafoundation.org",
        "logo": "/img/misc/diaspora.svg",
        "servers": "https://the-federation.info/diaspora",
        "description": "Online world where you are in control. Has 'aspects' similar to Google+ 'circles', and all the basic features of a macroblogging network.",
        "codeLanguage": "Ruby",
        "techStack": "",
        "license": "AGPL-3.0",
        "FediAccount": "",
        "apClass": false,
        "zotClass": false,
        "diasporaClass": true,
        "OStatusClass": false,
        "categories": ["SN-ma"]
      },
      {
        "title": "Friendica",
        "source": "https://github.com/friendica/friendica",
        "protocols": "diaspora, ActivityPub, OStatus",
        "site": "https://friendi.ca",
        "logo": "/img/misc/friendica.svg",
        "servers": "https://the-federation.info/friendica",
        "description": "Personal network that helps to keep in contact with friends. Interface and functionality include common features of a mainstream social network.",
        "codeLanguage": "PHP",
        "techStack": "",
        "license": "AGPL-3.0",
        "FediAccount": "",
        "apClass": true,
        "zotClass": false,
        "diasporaClass": true,
        "OStatusClass": true,
        "categories": ["SN-ma"]
      },
      {
        "title": "Funkwhale",
        "source": "https://dev.funkwhale.audio/funkwhale/funkwhale",
        "protocols": "ActivityPub",
        "site": "https://funkwhale.audio",
        "logo": "/img/misc/funkwhale.svg",
        "servers": "https://the-federation.info/funkwhale",
        "description": "Community-driven audio server and player that lets you listen and share music within a decentralized, open network. A place for socializing around music and discovering new content.",
        "codeLanguage": "Python",
        "techStack": "",
        "license": "AGPL-3.0",
        "FediAccount": "@agateblue@mastodon.technology",
        "apClass": true,
        "zotClass": false,
        "diasporaClass": false,
        "OStatusClass": false,
        "categories": ["Media"]
      },
      {
        "title": "GNU Social",
        "source": "https://notabug.org/diogo/gnu-social",
        "protocols": "ActivityPub, OStatus",
        "site": "https://gnusocial.network",
        "logo": "/img/misc/gnusocial.svg",
        "servers": "https://the-federation.info/gnusocial",
        "description": "Microblogging server with multiple plugins.",
        "codeLanguage": "PHP",
        "techStack": "",
        "license": "AGPL-3.0",
        "FediAccount": "@diogo@social.hackersatporto.com",
        "apClass": false,
        "zotClass": false,
        "diasporaClass": false,
        "OStatusClass": true,
        "categories": ["SN-mi"]
      },
      {
        "title": "Hubzilla",
        "source": "https://framagit.org/hubzilla/core",
        "protocols": "Zot, diaspora, ActivityPub",
        "site": "https://hubzilla.org",
        "logo": "/img/misc/hubzilla.svg",
        "servers": "https://the-federation.info/hubzilla",
        "description": "Multi-purpose network for power users. Includes a significant number of features and granular settings.",
        "codeLanguage": "PHP",
        "techStack": "",
        "license": "MIT",
        "FediAccount": "",
        "apClass": true,
        "zotClass": true,
        "diasporaClass": true,
        "OStatusClass": true,
        "categories": ["SN-ma", "Files"]
      },
      {
        "title": "Misskey",
        "source": "https://github.com/syuilo/misskey",
        "protocols": "ActivityPub",
        "site": "https://join.misskey.page/en",
        "logo": "/img/misc/misskey.svg",
        "servers": "https://the-federation.info/misskey",
        "description": "Sophisticated microblogging with personality. Provides many additional features like calendar, emoji reactions, polls, games, and many other widgets.",
        "codeLanguage": "TypeScript",
        "techStack": "Node.js, Vue",
        "license": "AGPL-3.0",
        "FediAccount": "@syuilo@misskey.io",
        "apClass": true,
        "zotClass": false,
        "diasporaClass": false,
        "OStatusClass": false,
        "categories": ["SN-mi"]
      },
      {
        "title": "PeerTube",
        "source": "https://github.com/Chocobozzz/PeerTube",
        "protocols": "ActivityPub",
        "site": "https://joinpeertube.org/en",
        "logo": "/img/misc/peertube.svg",
        "servers": "https://the-federation.info/peertube",
        "description": "Decentralized video platform, a network of interconnected video hosting providers. Video broadcasting may be peer-to-peer.",
        "codeLanguage": "TypeScript",
        "techStack": "Node.js",
        "license": "AGPL-3.0",
        "FediAccount": "@peertube@framapiaf.org",
        "apClass": true,
        "zotClass": false,
        "diasporaClass": false,
        "OStatusClass": false,
        "categories": ["Media"]
      },
      {
        "title": "Pixelfed",
        "source": "https://github.com/dansup/pixelfed",
        "protocols": "ActivityPub",
        "site": "https://pixelfed.org",
        "logo": "/img/misc/pixelfed.svg",
        "servers": "https://the-federation.info/pixelfed",
        "description": "An image sharing platform with modern user interface.",
        "codeLanguage": "PHP",
        "techStack": "",
        "license": "AGPL-3.0",
        "FediAccount": "@pixelfed@mastodon.social",
        "apClass": true,
        "zotClass": false,
        "diasporaClass": false,
        "OStatusClass": false,
        "categories": ["Media"]
      },
      {
        "title": "Pleroma",
        "source": "https://git.pleroma.social/pleroma",
        "protocols": "ActivityPub",
        "site": "https://pleroma.social",
        "logo": "/img/misc/pleroma.svg",
        "servers": "https://the-federation.info/pleroma",
        "description": "Microblogging platform with excellent performance and low resource consumption. Has many features: polls, custom themes, markdown support.",
        "codeLanguage": "Elixir",
        "techStack": "Vue",
        "license": "AGPL-3.0",
        "FediAccount": "@lain@pleroma.soykaf.com",
        "apClass": true,
        "zotClass": false,
        "diasporaClass": false,
        "OStatusClass": false,
        "categories": ["SN-mi"]
      },
      {
        "title": "Mastodon",
        "source": "https://github.com/mastodon/mastodon",
        "protocols": "ActivityPub",
        "site": "https://joinmastodon.org",
        "logo": "/img/misc/mastodon.svg",
        "servers": "https://the-federation.info/mastodon",
        "description": "Epic microblogging network with many features and multiple interface layouts to choose from.",
        "codeLanguage": "Ruby",
        "techStack": "React, SASS, Node.js",
        "license": "AGPL-3.0",
        "FediAccount": "@gargron@mastodon.social",
        "apClass": true,
        "zotClass": false,
        "diasporaClass": false,
        "OStatusClass": false,
        "categories": ["SN-mi"]
      },
      {
        "title": "Redaktor",
        "source": "https://redaktor.me",
        "protocols": "ActivityPub",
        "site": "",
        "logo": "",
        "servers": "",
        "description": "An ActivityPub powered CMS in the making.",
        "codeLanguage": "",
        "techStack": "",
        "license": "",
        "FediAccount": "@redaktor@chaos.social",
        "apClass": true,
        "zotClass": false,
        "diasporaClass": false,
        "OStatusClass": false,
        "categories": ["Blog-Pub"]
      },
      {
        "title": "Prismo",
        "source": "https://gitlab.com/prismosuite/prismo",
        "protocols": "ActivityPub",
        "site": "",
        "logo": "/img/misc/prismo.png",
        "servers": "https://the-federation.info/prismo",
        "description": "Federated link aggregation service, without downvotes.",
        "codeLanguage": "Ruby",
        "techStack": "Node.js",
        "license": "AGPL-3.0",
        "FediAccount": "@prismo@mastodon.social",
        "apClass": true,
        "zotClass": false,
        "diasporaClass": false,
        "OStatusClass": false,
        "categories": ["Links"]
      }
    ]
}
