
{
  "data":
    {
      "title": "pixelfed",
      "category": "social network",
      "type": "image sharing",
      "logoClr": "6736dd",
      "created": "2018",
      "official": "https://pixelfed.org",
      "license": "AGPL-3.0",
      "repo": "https://github.com/dansup/pixelfed",
      "language": "PHP",
      "protocols":
        [
          {"title": "ActivityPub", "url": "https://activitypub.rocks"}
        ],
      "wiki": "",
      "servers":
        [
          {"num": "1", "url": "https://the-federation.info/pixelfed"},
          {"num": "2", "url": "https://fedidb.org/network/?s=pixelfed"}
        ],
      "mobile": "https://github.com/glitchpizza/morii",
      "devTutorial": "https://docs.pixelfed.org/running-pixelfed/installation.html",
      "services":
        [
          {"id": "0", "url": "https://app.spacebear.ee"}
        ],
      "mascot": [{"item": "red panda Fred", "imgNum": "1"}],
      "dwellers": "",
      "communities": "",
      "descr": "Pixelfed is an image sharing platform with modern user interface.",
      "connections": ["Friendica", "Mastodon", "Misskey", "Pleroma"],
      "screenshots":
        [
          {"descr": "Pixelfed default interface", "img": "pixelfed-1.png"},
          {"descr": "Alternative 'Metro' user interface", "img": "pixelfed-2.png"}
        ],
      "features":
        [
          "disabling comments",
          "hiding followers",
          "spoiler warnings",
          "collections",
          "video loops",
          "stories",
          "EXIF/metadata editor",
          "following hashtags",
          "two-factor authentication (TOTP)"
        ],
      "donate": "https://www.patreon.com/dansup",
      "tracker": "https://github.com/dansup/pixelfed/issues",
      "bounty": "",
      "translating": "",
      "reading": "",
      "notable": ""
    }
}
